text,label
"I love cuddling with my fluffy cat!",Cat
"My cat enjoys playing with yarn balls.",Cat
"The purring of my cat is so soothing.",Cat
"Watching funny cat videos always cheers me up.",Cat
"My cat likes to nap in the sunniest spots.",Cat
"I can spend hours watching my cat explore the house.",Cat
"Nothing beats coming home to my cat's warm welcome.",Cat
"I never get tired of admiring my cat's beautiful eyes.",Cat
"Playing with my cat is the best stress reliever.",Cat
"Even on bad days, my cat's presence makes everything better.",Cat
"My cat's playful antics always make me laugh.",Cat
"I cherish every moment I spend with my cat.",Cat
"The bond between me and my cat is unbreakable.",Cat
"I feel complete when my cat curls up in my lap.",Cat
"Adopting my cat was the best decision I ever made.",Cat
"I love how my cat always knows when I need comfort.",Cat
"Every day is an adventure with my curious cat.",Cat
"I adore how my cat greets me at the door every evening.",Cat
"I'm convinced my cat understands every word I say.",Cat
"Life is better with a cat by your side.",Cat
"Feeding my cat is the highlight of my day.",Cat
"I'm endlessly entertained by my cat's playful antics.",Cat
"I can't imagine my life without my beloved cat.",Cat
"Snuggling with my cat is my favorite way to unwind.",Cat
"My cat's purring is like music to my ears.",Cat
"Watching my cat chase shadows is always amusing.",Cat
"I love spoiling my cat with toys and treats.",Cat
"My cat's independence makes them even more lovable.",Cat
"I'm grateful for the companionship of my loyal cat.",Cat
"Caring for my cat brings me immense joy.",Cat
"I often find myself lost in my cat's mesmerizing eyes.",Cat
"My cat's meows never fail to make me smile.",Cat
"I've never met a cat as affectionate as mine.",Cat
"Life with a cat is full of surprises.",Cat
"I'm convinced my cat is secretly plotting to take over the world.",Cat
"I'm happiest when I'm surrounded by my cats.",Cat
"My cat's curiosity knows no bounds.",Cat
"Even on the toughest days, my cat's love sustains me.",Cat
"I love how my cat always finds the coziest spots to sleep.",Cat
"Every day is an adventure with my adventurous cat.",Cat
"I'm convinced my cat has a hidden talent for comedy.",Cat
"I never feel lonely with my cat by my side.",Cat
"I'm endlessly fascinated by my cat's graceful movements.",Cat
"My cat's affection is the best pick-me-up.",Cat
"I often catch myself marveling at my cat's beauty.",Cat
"Life is better with a cat purring in your lap.",Cat
"I love how my cat always greets me with a head bump.",Cat
"My cat's curiosity often leads to hilarious situations.",Cat
"I cherish the quiet moments spent with my cat.",Cat
"Even on rainy days, my cat finds a way to brighten my mood.",Cat
"I never get tired of watching my cat chase after toys.",Cat
"I love how my cat's whiskers twitch when they're excited.",Cat
"Every day with my cat is a new adventure.",Cat
"I'm convinced my cat thinks they're the ruler of the house.",Cat
"I'm endlessly grateful for the love of my furry companion.",Cat
"Nothing compares to the joy of coming home to my cat.",Cat
"My cat's purring is the best lullaby.",Cat
"I'm convinced my cat understands my every mood.",Cat
"I love how my cat curls up into a ball when they sleep.",Cat
"Every day is brighter with my cat's presence.",Cat
"I love how my cat always knows when I need a cuddle.",Cat
"My cat's quirky personality always keeps me entertained.",Cat
"I'm convinced my cat is actually a mastermind in disguise.",Cat
"I cherish the moments when my cat falls asleep in my arms.",Cat
"Even on the busiest days, my cat reminds me to slow down and relax.",Cat
"I'm endlessly amused by my cat's silly antics.",Cat
"Life with a cat is a constant source of joy.",Cat
"I love how my cat always finds the warmest spots to nap.",Cat
"Nothing beats the feeling of my cat purring against my chest.",Cat
"I'm convinced my cat has a sixth sense for when I'm feeling down.",Cat
"I love how my cat always finds a way to make me laugh.",Cat
"My cat's curiosity often leads to unexpected discoveries.",Cat
"Every day with my cat is a new adventure waiting to unfold.",Cat
"I cherish the moments when my cat gazes at me with love in their eyes.",Cat
"I'm endlessly grateful for the unconditional love of my cat.",Cat
"Life is better with a cat curled up in your lap.",Cat
"I love how my cat's tail twitches when they're excited.",Cat
"Even on the coldest days, my cat's warmth melts away my troubles.",Cat
"I'm convinced my cat has a secret talent for finding the best hiding spots.",Cat
"I cherish the moments when my cat purrs contentedly in my arms.",Cat
"Every day with my cat is a reminder to appreciate the little things in life.",Cat
"I love how my cat always knows when I need a friend.",Cat
"My cat's playful nature always brings a smile to my face.",Cat
"I'm endlessly amused by my cat's mischievous antics.",Cat
"Life with a cat is never dull.",Cat
"I love how my cat's curiosity leads to endless exploration.",Cat
"Even on the gloomiest days, my cat's presence fills me with warmth.",Cat
"I'm convinced my cat is secretly a superhero in disguise.",Cat
"I cherish the moments when my cat snuggles up beside me.",Cat
"Every day with my cat is a gift.",Cat
"I love how my cat's purring lulls me to sleep at night.",Cat
"I love how my cat always finds the sunniest spot to bask in.",Cat
"Even on the busiest days, my cat reminds me to take a break and relax.",Cat
"I'm endlessly entertained by my cat's fascination with laser pointers.",Cat
"Life with a cat is like living with a perpetual source of joy.",Cat
"I cherish the moments when my cat curls up on my lap and purrs contentedly.",Cat
"Every day with my cat is a reminder of the simple pleasures in life.",Cat
"I love how my cat's whiskers twitch in anticipation when they see treats.",Cat
"Even on the stormiest days, my cat's presence brings me peace.",Cat
"I'm endlessly grateful for the companionship of my loyal feline friend.",Cat
"Life with a cat is a daily adventure filled with love and laughter.",Cat
"Even on the chilliest days, my cat's warmth brings me comfort.",Cat
"I love how my cat always greets me with a gentle nuzzle.",Cat
"Life with a cat is like having a furry therapist always ready to listen.",Cat