user_id,username,email,password_hash
1,Johnson,johnson@example.com,123abc
2,Smith,smith@example.com,456def
3,Williams,williams@example.com,789ghi
4,Jones,jones@example.com,012jkl
5,Brown,brown@example.com,345mno
6,Davis,davis@example.com,678pqr
7,Miller,miller@example.com,901stu
8,Wilson,wilson@example.com,234vwx
9,Moore,moore@example.com,567yz1
10,Taylor,taylor@example.com,890abc2
11,Anderson,anderson@example.com,123def3
12,Thomas,thomas@example.com,456ghi4
13,Jackson,jackson@example.com,789jkl5
14,White,white@example.com,012mno6
15,Harris,harris@example.com,345pqr7
16,Martin,martin@example.com,678stu8
17,Thompson,thompson@example.com,901vwx9
18,Garcia,garcia@example.com,234xyz0
19,Martinez,martinez@example.com,567abc1
20,Robinson,robinson@example.com,890def2
21,Clark,clark@example.com,123ghi3
22,Rodriguez,rodriguez@example.com,456jkl4
23,Lewis,lewis@example.com,789mno5
24,Lee,lee@example.com,012pqr6
25,Walker,walker@example.com,345stu7
26,Hall,hall@example.com,678vwx8
27,Allen,allen@example.com,901xyz9
28,Young,young@example.com,234abc0
29,Hernandez,hernandez@example.com,567def1
30,King,king@example.com,890ghi2
31,Wright,wright@example.com,123jkl3
32,Lopez,lopez@example.com,456mno4
33,Hill,hill@example.com,789pqr5
34,Scott,scott@example.com,012stu6
35,Green,green@example.com,345vwx7
36,Adams,adams@example.com,678xyz8
37,Baker,baker@example.com,901abc9
38,Gonzalez,gonzalez@example.com,234def0
39,Nelson,nelson@example.com,567ghi1
40,Carter,carter@example.com,890jkl2
41,Mitchell,mitchell@example.com,123mno3
42,Perez,perez@example.com,456pqr4
43,Roberts,roberts@example.com,789stu5
44,Turner,turner@example.com,012vwx6
45,Phillips,phillips@example.com,345xyz7
46,Campbell,campbell@example.com,678abc8
47,Parker,parker@example.com,901def9
48,Evans,evans@example.com,234ghi0
49,Edwards,edwards@example.com,567jkl1
50,Collins,collins@example.com,890mno2
